candidate,donor,donor_identifier,total_received_ntd,record_ids
侯友宜,國廣機械工程有限公司,84179438,1000000,8018516 8017655
侯友宜,修行者工程股份有限公司,13087325,1000000,8011785 8010763
侯友宜,恆泰豐物產股份有限公司,42811327,1000000,8011783
侯友宜,宜得利投資股份有限公司,83290672,1000000,8011782
侯友宜,環球購物中心股份有限公司,80296032,1000000,8025830
侯友宜,觀音山建設股份有限公司,27393014,1000000,8025814
侯友宜,萬鍀開發投資股份有限公司,53331599,1000000,8025828
侯友宜,暘潤開發投資股份有限公司,53331401,1000000,8025723
侯友宜,鏵泰投資開發股份有限公司,52509554,1000000,8025722
侯友宜,揚潤營造股份有限公司,91759468,1000000,8018298
侯友宜,格菱股份有限公司,84201918,1000000,8011513
侯友宜,久津實業股份有限公司,59003799,1000000,8003108
侯友宜,磐亞股份有限公司,05712099,1000000,8025717
侯友宜,益實實業股份有限公司,20736042,1000000,8011512
侯友宜,仁鼎國際開發股份有限公司,28217796,1000000,8003721
侯友宜,大昶有限公司,07648313,1000000,8003106 8003105 8003104 8003103 8003102 8003101 8003100 8003099 8003098 8003097
侯友宜,僑蓮建設股份有限公司,28566371,1000000,8025528
侯友宜,璞吉廣告股份有限公司,52365254,1000000,8025479
侯友宜,樸新廣告股份有限公司,54180423,1000000,8025478
侯友宜,巨全投資股份有限公司,43737297,1000000,8006701
侯友宜,京琠科技股份有限公司,53919985,1000000,8011065
侯友宜,立捷國際股份有限公司,89480262,1000000,8006686
侯友宜,博訊科技股份有限公司,84895158,1000000,8017840
侯友宜,亞洲聯合國際貿易有限公司,80485625,1000000,8010942
侯友宜,長賀興業股份有限公司,70367070,1000000,8011061
侯友宜,長榮桂冠葡萄酒坊股份有限公司,27768568,1000000,8011060
侯友宜,亞昕國際開發股份有限公司,89961389,1000000,8011058
侯友宜,新苑興業股份有限公司,43942987,1000000,8025245
侯友宜,海悅開發股份有限公司,27998528,1000000,8011057
侯友宜,常德投資股份有限公司,96970638,1000000,8017839
侯友宜,裕鋐投資股份有限公司,80331782,1000000,8025192
侯友宜,得鋐投資股份有限公司,80337097,1000000,8017838
侯友宜,常鋐投資股份有限公司,80330926,1000000,8017837
侯友宜,毅宜工業股份有限公司,07656805,1000000,8025163
侯友宜,三峽瀝青股份有限公司,86943084,750000,8002836
侯友宜,中陸工業股份有限公司,28728220,650000,8003107
侯友宜,南僑油脂事業股份有限公司,52610685,500000,8011784
侯友宜,百捷有限公司,70440522,500000,8011687
侯友宜,國雋機械工程有限公司,86781898,500000,8018517
侯友宜,國廣營造有限公司,54306035,500000,8018515
侯友宜,上陽投資股份有限公司,16291406,500000,8003113
侯友宜,成陽投資企業股份有限公司,16618395,500000,8006758
侯友宜,華興投資股份有限公司,70393767,500000,8025833
侯友宜,環泰企業股份有限公司,12529007,500000,8025831
侯友宜,漢諾威國際育樂股份有限公司,70835736,500000,8026089
侯友宜,漢諾威國際貿易有限公司,83668471,500000,8026088
侯友宜,冠誠生活股份有限公司,24332140,500000,8011610
侯友宜,辰揮企業股份有限公司,70699269,500000,8011611
侯友宜,久暢股份有限公司,84897297,500000,8003111
侯友宜,悅澤旅館事業股份有限公司,50853539,500000,8011519
侯友宜,日曜機電工程有限公司,27648662,500000,8003722
侯友宜,磐旭投資股份有限公司,53310145,500000,8025716
侯友宜,宇暉股份有限公司,28859622,500000,8006735
侯友宜,欣百齡物流有限公司,53681820,500000,8011510
侯友宜,長春藤全球健康生物科技股份有限公司,27360920,500000,8011320
侯友宜,媚登峰健康事業股份有限公司,89967052,500000,8018153
侯友宜,奕晟投資開發有限公司,53981122,500000,8011260
侯友宜,漢皇開發股份有限公司,27638600,500000,8025195
侯友宜,​國廣營造有限公司,54306035,500000,8002600
侯友宜,​國雋機械工程有限公司,86781898,500000,8002599
侯友宜,堂城開發投資股份有限公司,23416917,400000,8018154
侯友宜,詮力實業股份有限公司,43794487,300000,8026127 8025719
侯友宜,裕國冷凍冷藏股份有限公司,23641978,300000,8025832
侯友宜,勝偕建設股份有限公司,27206482,300000,8018355
侯友宜,英發企業股份有限公司,59230350,300000,8011518
侯友宜,禾聯碩股份有限公司,80333058,300000,8006742
侯友宜,秀泰建設開發股份有限公司,54872636,300000,8011059
侯友宜,冠華管理顧問股份有限公司,28522542,200000,8011668
侯友宜,環泥投資股份有限公司,23531445,200000,8025922
侯友宜,拓凱實業股份有限公司,52590175,200000,8011686
侯友宜,優的實業股份有限公司,15886148,200000,8025829
侯友宜,欣昇投資股份有限公司,29052006,200000,8011590
侯友宜,欣強科技股份有限公司,84099293,200000,8011551
侯友宜,紅屋餐廳有限公司,53923806,200000,8011261 8011063
侯友宜,北城營造股份有限公司,22074737,200000,8003690
侯友宜,吉聯建設股份有限公司,86686803,200000,8006714
侯友宜,人杰老四川餐飲管理顧問股份有限公司,28836494,200000,8002835
侯友宜,高雄市小港區漁會,85502308,200000,8018160 8018159
侯友宜,鴻緯開發股份有限公司,54028384,200000,8025184
侯友宜,大原紙器工廠股份有限公司,59090421,200000,8003092
侯友宜,天成醫療社團法人,26708162,166000,8003755
侯友宜,敦有建設有限公司,28188027,100000,8018414
侯友宜,芫利實業有限公司,96997566,100000,8011684
侯友宜,豐鉅開發建築股份有限公司,82836470,100000,8025813
侯友宜,萬邦外貿股份有限公司,27652124,100000,8025724
侯友宜,宏凱鞋業股份有限公司,04797161,100000,8011514
侯友宜,佳惠投資股份有限公司,28554446,100000,8011511
侯友宜,大鎰行有限公司,36279871,100000,8003093
侯友宜,都一處有限公司,29072066,100000,8017907
侯友宜,龍達塑膠股份有限公司,36161423,100000,8025246
侯友宜,紅屋餐飲事業有限公司,16310136,100000,8011062
侯友宜,美德醫療器材股份有限公司,29162593,100000,8011006
侯友宜,零壹零參數位影像有限公司,50970635,100000,8025477
侯友宜,品越工業股份有限公司,22589003,100000,8010817 8010815 8010813
侯友宜,崗勝科技有限公司,28530894,100000,8018013
侯友宜,新東京實業有限公司,97498315,100000,8024964
侯友宜,富崟企業股份有限公司,86343069,50000,8018429
侯友宜,勤德農產食品有限公司,29097854,50000,8025721
侯友宜,金鴻山企業股份有限公司,28298734,50000,8011064
侯友宜,品佳金屬建材有限公司,34540646,30000,8011005
侯友宜,溏風國際新創傳媒有限公司,58150202,29496,8025839
侯友宜,承紘營造股份有限公司,24530726,20000,8011609
侯友宜,萬泰祥國際開發股份有限公司,80261245,15000,8025840
侯友宜,德偉木業有限公司,34631759,12000,8025480
侯友宜,亞壯照明科技股份有限公司,23793030,10000,8011685
侯友宜,名駿建設有限公司,89994430,10000,8006745
侯友宜,歐博實業有限公司,12397049,10000,8025797
侯友宜,家興保全股份有限公司,16630757,10000,8011004
侯友宜,天風設計企業有限公司,23151367,10000,8003644
侯友宜,永鑫汽車租賃有限公司,97127095,10000,8006689
侯友宜,亞的有限公司,54871432,10000,8011003
侯友宜,臻霖麗企業有限公司,89973012,10000,8025194
侯友宜,宇昶事業有限公司,23884566,10000,8006685
侯友宜,東烜科技有限公司,83280739,6888,8011327
侯友宜,永豐長樂有限公司,24355467,5000,8006716
侯友宜,登盈儀器有限公司,22681607,5000,8018042
侯友宜,騰鼎營造有限公司,97357336,5000,8025414
侯友宜,三間工作室,91699624,3500,8003110
侯友宜,麗正空間規劃企業,91720295,3000,8025796
侯友宜,逸士企業有限公司,06721461,3000,8025795
侯友宜,翊歆企業社,92130753,2000,8018299
侯友宜,太元數據分析有限公司,28495377,2000,8003723
侯友宜,綠馥興業社,93245326,2000,8025530
侯友宜,士東實業社,14735117,2000,8003094
侯友宜,台灣摩托維爾有限公司,16690467,2000,8006684
侯友宜,弘典國際企業有限公司,28189572,1000,8006715
侯友宜,神固國際科技工程企業有限公司,80193964,1000,8011328
侯友宜,祥綸企業有限公司,05080684,1000,8018043
侯友宜,晶品實業社,98617795,1000,8018023
侯友宜,展盈國際有限公司,28014912,1000,8010921
侯友宜,何六百有限公司,24634102,600,8011326
侯友宜,微樂國際有限公司,28790336,500,8025529
柯文哲,木可公關行銷有限公司,90012695,1000000,7862704
柯文哲,志上投資股份有限公司,83362561,1000000,7855745
柯文哲,豐光投資股份有限公司,28847844,1000000,7842053
柯文哲,正欣投資股份有限公司,84893314,1000000,7833613
柯文哲,品欣投資股份有限公司,86690736,1000000,7833612
柯文哲,惡名昭彰股份有限公司,82801985,1000000,7768656
柯文哲,珺富投資有限公司,52595615,900000,7857202 7769880 7768650
柯文哲,智電工程有限公司,54519451,850000,7862982
柯文哲,力奇曼股份有限公司,85099398,500000,7862935
柯文哲,鑫星采有限公司,53941396,500000,7769971
柯文哲,鑫達一有限公司,90398234,500000,7769970
柯文哲,欣尼克有限公司,50766388,500000,7769968
柯文哲,欣達生技股份有限公司,54178159,500000,7769963
柯文哲,昱誠圓建設有限公司,28045627,309855,7865010 7865014
柯文哲,仁鼎國際開發股份有限公司,28217796,300000,7864853
柯文哲,伊捷顧問有限公司,25099269,300000,7839177
柯文哲,富亨達投資股份有限公司,54104679,300000,7768623
柯文哲,歐旻企業股份有限公司,23888042,300000,7768612
柯文哲,台城衛生醫材有限公司,83076125,239900,7833596 7769834
柯文哲,富宥餘投資有限公司,83633516,150000,7865681 7770259
柯文哲,溏風國際新創傳媒有限公司,58150202,131699,7863992
柯文哲,松潔環境維護股份有限公司,28865384,110000,7841623 7841622
柯文哲,上品源通開發股份有限公司,83489293,108000,7862571
柯文哲,陞璨企業有限公司,82782523,101000,7885463 7865679 7865678
柯文哲,紘陽科技股份有限公司,29058326,100000,7868343
柯文哲,雄穩股份有限公司,90502010,100000,7948691 7948690 7948689 7948688
柯文哲,總行營造興業股份有限公司,04516752,100000,7864856
柯文哲,漢嵩實業股份有限公司,43841518,100000,7863973 7863972 7863971
柯文哲,衛格爾醫藥有限公司,27349340,100000,7857208
柯文哲,勤理企業有限公司,50755713,100000,7856579
柯文哲,羅瑞投資有限公司,83087896,100000,7862873
柯文哲,藍蛇科技有限公司,83039157,100000,7859356 7853089
柯文哲,穎洋企業股份有限公司,16218264,100000,7855271
柯文哲,協和數位有限公司,94095747,100000,7842565
柯文哲,植煇營造有限公司,93656170,100000,7833721
柯文哲,亞設國際投資股份有限公司,27659920,100000,7770012
柯文哲,豐華食品機械有限公司,53491526,100000,7769008
柯文哲,菁華美有限公司,54888118,99999,7770258
柯文哲,普羅克企業有限公司,45127209,90000,7865673 7863974 7859299 7859300 7951530 7951529
柯文哲,宜大立餐飲事業有限公司,24754422,70000,7865669 7853060 7770229
柯文哲,佛昌科技有限公司,28065926,69134,7863965 7770254
柯文哲,紀綱企業社,41310155,66000,7770257
柯文哲,宜珍齋,61153935,60000,7863993 7951531
柯文哲,青草地食品有限公司,53107797,60000,7770256
柯文哲,宣原蛋糕店,38578875,60000,7951527 7951526
柯文哲,咸陽科技股份有限公司,24287320,50000,7863962
柯文哲,興立富實業股份有限公司,84744096,50000,7857194
柯文哲,輝映印刷事業有限公司,16991610,50000,7856576
柯文哲,三人恆好有限公司,90711396,50000,7859375
柯文哲,友和貿易股份有限公司,16894172,50000,7839224
柯文哲,樂婕國際有限公司,66403291,50000,7770255
柯文哲,永聲企業有限公司,61828663,40000,7885452 7865676 7889836 7889835
柯文哲,臺灣艾肯音樂科技有限公司,28709693,40000,7865671 7859287 7836518 7770230
柯文哲,盈邦有限公司,45116420,40000,7859298 7853068 7838997 7770183 7770223
柯文哲,高豐工程行,39859938,36000,7859292 7853066 7951528
柯文哲,章興企業有限公司,56614542,36000,7856208
柯文哲,善意窩資產管理有限公司,90618856,35000,7859374 7951532
柯文哲,小島番薯有限公司,24741237,33520,7859277
柯文哲,睿斐國際有限公司,94167586,33000,7853117 7853118
柯文哲,佳宏鋼模股份有限公司,22206596,30000,7865665 7853056 7770216
柯文哲,裕基有限公司,22647159,30000,7865666 7853057
柯文哲,心意食品行,88528838,30000,7864000
柯文哲,愛遊牧有限公司,42967897,30000,7863970
柯文哲,雲橋工程技術顧問有限公司,79966569,30000,7859349
柯文哲,第二曲線知識管理顧問有限公司,82954525,30000,7853087
柯文哲,大道文創有限公司,54726395,30000,7853073
柯文哲,貝尼斯商行,85951439,30000,7853098
柯文哲,鴻正實業有限公司,27757318,30000,7853062
柯文哲,顯徽土木包工業,82493452,30000,7875422
柯文哲,瑞亮手機配件有限公司,64539104,30000,7853076
柯文哲,漢村股份有限公司,89795903,30000,7853103
柯文哲,貝斯特國際智杈股份有限公司,27997302,30000,7770248
柯文哲,向榮服飾商行,42257782,30000,7770253
柯文哲,彤元有限公司,28035923,30000,7770252
柯文哲,遇見伯樂有限公司,91017310,30000,7770251
柯文哲,阿城鵝肉,52285338,30000,7770250
柯文哲,米潤國際有限公司,91112031,30000,7770249
柯文哲,盛昌營造有限公司,45879411,20000,7865674 7859301
柯文哲,美姬阿姨有限公司,24555789,20000,7865668
柯文哲,福城有限公司,96967747,20000,7864008
柯文哲,錸德建設有限公司,12805713,20000,7859271
柯文哲,惠比壽商社有限公司,82880860,20000,7875426
柯文哲,毅國企業社,91411306,20000,7875424 7870272
柯文哲,佑霖園藝社,99427554,20000,7859395
柯文哲,康可媒體有限公司,90476266,20000,7853107 7770226
柯文哲,台創事業有限公司,83198817,20000,7853092 7770238
柯文哲,銢鑫閥業有限公司,79978328,20000,7853080
柯文哲,卓恩智能股份有限公司,82800888,20000,7770246
柯文哲,鋐博生技股份有限公司,83414028,20000,7769003
柯文哲,澤天會計師事務所,38532082,20000,7770247
柯文哲,漢斯整合行銷有限公司,42855020,19999,7863968 7770209
柯文哲,勤運起重有限公司,82778871,19111,7863995 7853085 7770174
柯文哲,加鼎國際股份有限公司,83121114,18000,7853090 7841620 7836513 7770165 7770164 7770163
柯文哲,高田建設有限公司,83374932,13000,7885464 7859360
柯文哲,速配工程有限公司,56711122,11200,7770243 7770128
柯文哲,松豐實業股份有限,56622183,11111,7770245
柯文哲,富隆興業有限公司,84929994,11000,7885466 7770187 7770203
柯文哲,盛將實業有限公司,27497989,10000,7870674
柯文哲,沛承誼能源有限公司,69455434,10000,7865677
柯文哲,永茂蔬果有限公司,47094886,10000,7865675
柯文哲,國際電木板企業有限公司,36268190,10000,7865672
柯文哲,阿甘科技股份有限公司,25105353,10000,7865670
柯文哲,想享整合顧問有限公司,83436070,10000,7865680
柯文哲,伸長彩色印刷股份有限公司,23333965,10000,7865667
柯文哲,威爾森國際商行,88926548,10000,7864001
柯文哲,龍虎電腦排版股份有限公司,23028276,10000,7862975
柯文哲,宏宇工藝有限公司,86662746,10000,7863998
柯文哲,姿韻有限公司,42883709,10000,7863969
柯文哲,磊鑫開發科技有限公司,28969310,10000,7863966
柯文哲,浮樓國際設計有限公司,42619259,10000,7863967
柯文哲,鉅鼎防護科技股份有限公司,91105186,10000,7864003
柯文哲,百崴數位科技（股）公司,27716865,10000,7859283
柯文哲,驊昱投資股份有限公司,25146333,10000,7875425
柯文哲,立冠環保科技有限公司,53361214,10000,7859313
柯文哲,海天科有限公司,69694575,10000,7859345
柯文哲,鼎蓁實業有限公司,16318453,10000,7859272
柯文哲,睿國際商務諮詢有限公司,53113881,10000,7857118
柯文哲,旭峰商行,31474896,10000,7859289
柯文哲,鏡森林眼鏡行,85213341,10000,7859364
柯文哲,福益不動產有限公司,27806660,10000,7859284
柯文哲,映辰餐飲有限公司,29066711,10000,7859288
柯文哲,睿奇曼有限公司,93770989,10000,7859391
柯文哲,大祐珠寶設計有限公司,53837062,10000,7859315
柯文哲,頂鈦工程有限公司,24660277,10000,7859276
柯文哲,汎鈦機械科技有限公司,28599020,10000,7853063
柯文哲,立城鋼鐵股份有限公司,70712100,10000,7875423
柯文哲,萬橙室內裝修工程有限公司,24239828,10000,7853058
柯文哲,如沐晨陽有限公司,93376570,10000,7853113
柯文哲,義順樹脂工程有限公司,24630555,10000,7853059
柯文哲,囍閱文創旅店,15943160,10000,7853054
柯文哲,十誠國際貿易有限公司,90754113,10000,7853110
柯文哲,晉德企業社,25243911,10000,7838999
柯文哲,恆隆科技股份有公司,12916458,10000,7833652
柯文哲,彤采商行,91287518,10000,7770185 7770194
柯文哲,釩泓建設有限公司,90220188,10000,7770239
柯文哲,宣傑國際有限公司,55739214,10000,7770215
柯文哲,詠聖機械工程有限公司,94063479,10000,7770213
柯文哲,勤正生技股份有限公司,82939454,10000,7770241
柯文哲,歐尼特科技有限公司,53419124,10000,7770214
柯文哲,安安科技股份有限公司,20842022,10000,7770212
柯文哲,灃德生物科技有限公司,50792029,10000,7770211
柯文哲,瑞光護理之家,47570874,10000,7769516
柯文哲,中村加油站股份有限公司,27849106,10000,7770210
柯文哲,司馬鐵國際股份有限公司,24859571,10000,7770244
柯文哲,數趨廣告媒體有限公司,52491962,10000,7770024
柯文哲,盈竹紙器有限公司,27262322,10000,7770242
柯文哲,寶城建設有限公司,54076012,10000,7770240
柯文哲,玉元餐飲有限公司,60281807,10000,7770237
柯文哲,睿源創能有限公司,84745594,10000,7770236
柯文哲,宇宙小姐商行,72839977,10000,7770235
柯文哲,瑞鵬企業有限公司,50934239,10000,7770234
柯文哲,思凡社會性農業發展企業社,91577158,10000,7770233
柯文哲,是向科技有限公司,45899660,10000,7770232
柯文哲,大樹科學有限公司,42894121,10000,7770231
柯文哲,金寶國際車業有限公司,83430049,10000,7770228
柯文哲,新易科技有限公司,43768848,10000,7770227
柯文哲,阿爾派國際有限公司,57533809,10000,7770225
柯文哲,綠葳花園有限公司,54838510,10000,7770224
柯文哲,上恩不動產仲介經紀有限公司,27896233,10000,7770222
柯文哲,麗仁工程有限公司,24207749,10000,7770221
柯文哲,信文奇得美肌有限公司,83560871,10000,7770220
柯文哲,市榮開發有限公司,56667505,10000,7770219
柯文哲,太睿設計有限公司,54092364,10000,7770218
柯文哲,友環股份有限公司,28633239,10000,7770217
柯文哲,盛世國際開發有限公司,52560046,8000,7863977 7859311
柯文哲,萬泰豐國際有限公司,57169512,7827,7863979 7863980 7863981 7863982 7863983 7863984 7863985 7863986 7863987 7863988 7863989 7863990 7863991 7859322 7859323 7859324 7859325 7859326 7859327 7859328 7859329 7859330 7859331 7859332 7859333 7859334 7859335 7859336 7859337 7859338 7859339
柯文哲,北大藥局,26507117,7777,7770208
柯文哲,鴻葉貿易有限公司,90578783,7777,7770207
柯文哲,樂高資訊科技有限公司,25193715,7623,7859280 7770052 7770189
柯文哲,正逸科技有限公司,50922254,7000,7859310 7853069 7770191
柯文哲,顧安工程顧問股份有限公司,61957835,6699,7770135 7770202
柯文哲,德君材料有限公司,90184036,6666,7859373
柯文哲,旺旺鑫科技有限公司,54829511,6666,7859319
柯文哲,齊思設計,85646115,6666,7836517
柯文哲,正鈾金屬工程有限公司,83298061,6666,7770026
柯文哲,慈信顧問有限公司,42932429,6072,7770156 7770155 7770154
柯文哲,八五樂活有限公司附設臺南市私立歸仁社區長照機構,88788828,6000,7859398 7889925 7889924 7889923 7889922 7770068
柯文哲,秉辰智法管理顧問有限公司,54306534,6000,7853071
柯文哲,歐太國際管理顧問有限公司,97326307,6000,7853120 7841621 7836510 7770059 7770058 7770057
柯文哲,奈普互動有限公司,54664953,6000,7841614 7838996 7836508 7770116 7770115 7770114
柯文哲,夏雨第八號庫坊,91702418,6000,7841617 7838998 7836509 7770113 7770110 7770106
柯文哲,澄橙實業有限公司,61939422,6000,7841616 7839001 7836511 7770112 7770109 7770102
柯文哲,均潤有限公司,90718497,6000,7770204
柯文哲,宸緯企業社,32643558,6000,7770206
柯文哲,一瓢飲說說美有限公司,54977337,6000,7770205
柯文哲,任亦門企業有限公司,55870255,5399,7836514 7836512
柯文哲,科瞵實業有限公司,93377135,5300,7885475 7885474 7853114
柯文哲,菲宏銷售工作室,85257234,5000,7885467
柯文哲,差八歲工作室,82298681,5000,7885461 7885462 7885460
柯文哲,楠楓文創工作室,92299739,5000,7885472
柯文哲,日岡鋼鐵有限公司,28493053,5000,7885442
柯文哲,漢賓有限公司,16397484,5000,7862955
柯文哲,穎鋒國際有限公司,53221565,5000,7862954
柯文哲,日鼎營造工程有限公司,12814564,5000,7863960
柯文哲,晶迎股份有限公司,90845769,5000,7859376
柯文哲,翔飛企業社,91823406,5000,7859384
柯文哲,金和泰運輸有限公司,58689300,5000,7859340
柯文哲,苡級棒有限公司,91061151,5000,7859377
柯文哲,建一茶業商行,47367577,5000,7859303
柯文哲,三間工作室,91699624,5000,7859382
柯文哲,上隆有限公司,28529762,5000,7859286
柯文哲,珀春有限公司附設臺南市私立秉心居家長照機構,88910356,5000,7859372
柯文哲,勱旺有限公司,27920732,5000,7856270
柯文哲,石窯風餐坊,25662152,5000,7853061
柯文哲,名庭商行,73385559,5000,7853052
柯文哲,雲月汽車旅館有限公司,61935431,5000,7853075
柯文哲,陸山光電有限公司,53154849,5000,7841613
柯文哲,輪藝國際有限公司,90397523,5000,7836516
柯文哲,華新企業社,29302644,5000,7770188
柯文哲,兌豐管理顧問有限公司,50999176,5000,7770184
柯文哲,西登醫療儀器有限公司,22328198,5000,7769007
柯文哲,柯亞股份有限公司,83558410,5000,7770186
柯文哲,悅客小舖,25599497,5000,7890114
柯文哲,艾諾資訊有限公司,90036900,5000,7770260
柯文哲,愛揪團有限公司,90345981,5000,7770201
柯文哲,弘盛水電材料有限公司,90163145,5000,7770200
柯文哲,龍昇飲食有限公司,83463934,5000,7770199
柯文哲,格亞有限公司,45885624,5000,7770198
柯文哲,瀚瑋工程顧問有限公司,91085885,5000,7770197
柯文哲,永薪生命禮儀有限公司,53460925,5000,7770196
柯文哲,巾銢環保有限公司,53372747,5000,7770195
柯文哲,啵啵亮汽車美容,81115713,5000,7770193
柯文哲,卡爾國際資訊有限公司,61776594,5000,7770192
柯文哲,留一點空間工作室,38706528,5000,7770190
柯文哲,凱藝名店,99358064,4600,7859394 7770162 7770061
柯文哲,龍韻工業有限公司,91014741,4000,7885470 7770177
柯文哲,云千室內裝修有限公司,83572433,4000,7885465 7770179
柯文哲,台灣酷比優有限公司,64980557,4000,7885455 7885454 7885453 7885456
柯文哲,弘鈦經管建築有限公司,83081534,4000,7859358 7770144
柯文哲,亞娜塔創意有限公司,82973678,4000,7770182
柯文哲,卡耶利瓦有限公司,83961860,4000,7770147 7770146
柯文哲,靚昀設計工程有限公司,53927107,3888,7885447 7770173
柯文哲,明堂設計有限公司,27573613,3824,7833601
柯文哲,倍適特科技有限公司,53232633,3666,7770053 7770172
柯文哲,雋永生命禮儀有限公司,42849392,3600,7859297
柯文哲,妙妙投資股份有限公司,97477374,3599,7836515
柯文哲,雅棠工程行,87256746,3599,7770181
柯文哲,日央商旅,81176680,3500,7770124 7770119 7770025 7770117
柯文哲,燁昇科技有限公司,80564748,3500,7770122 7770160
柯文哲,刺客瘋有限公司,94104056,3000,7885477 7853116
柯文哲,玄通系統服務股份有限公司,60431411,3000,7885451
柯文哲,京典食品有限公司,54183836,3000,7885448
柯文哲,綠昕科技有限公司,53201625,3000,7885446 7859312
柯文哲,智慧安全有限公司,85114406,3000,7863997 7853096 7841615
柯文哲,普利市企業社,72056517,3000,7863994
柯文哲,威保通實業股份有限公司,70610482,3000,7859346
柯文哲,信福房屋仲介有限公司,24962646,3000,7859279 7770141
柯文哲,德富利飲料店,82112989,3000,7859352
柯文哲,天狼星有限公司,61917877,3000,7859341
柯文哲,禾米新鮮食材商行,82415267,3000,7853083
柯文哲,星拓整合行銷有限公司,53542166,3000,7853070
柯文哲,品趣設計有限公司,28387433,3000,7853051
柯文哲,老王客家菜飯館,09180931,3000,7770111 7770108 7770100
柯文哲,恆匯企業社,85411779,3000,7770166
柯文哲,山誠科技有限公司,42589500,3000,7770180
柯文哲,車酷車企業社,37799196,3000,7770120 7770084 7770083
柯文哲,威柏科技貿易有限公司,55903333,3000,7770178
柯文哲,今準鈑金工業有限公司,54605343,3000,7770176
柯文哲,米加設計有限公司,24240634,3000,7770175
柯文哲,凱樂斯精品商行,42035972,3000,7770171
柯文哲,刺刺工作室有限公司,28620157,3000,7770170
柯文哲,豐漁水產養殖有限公司,82981311,3000,7770169
柯文哲,錸鴻營造有限公司,70671467,3000,7770168
柯文哲,豐鈺企業行,40802857,3000,7770167
柯文哲,想你鮮果企業社,88208434,2600,7953051 7770150
柯文哲,學學柑仔店,92535184,2600,7770132 7770127
柯文哲,凱強實業股份有限公司,12727528,2599,7770161
柯文哲,前衛汽車商行,99844278,2500,7859397 7859396
柯文哲,德森企業社,87403965,2024,7770151
柯文哲,映鈞生技有限公司,83566100,2024,7770152
柯文哲,新源瀧石材有限公司,64932325,2024,7770158
柯文哲,國書醫療用品有限公司,90716575,2024,7770157
柯文哲,華勝恩國際有限公司,90634976,2024,7770153
柯文哲,張美阿嬤農場,82357273,2024,7770138 7770029
柯文哲,春暖創意設計有限公司,90827262,2024,7770159
柯文哲,巧藝工程行,47935939,2000,7914842 7914841
柯文哲,蔚然文化事業有限公司,54728416,2000,7885450 7859318
柯文哲,艾克萊國際有限公司,22174644,2000,7885438 7859273 7853055
柯文哲,貓和夥伴國際有限公司,42781891,2000,7885444
柯文哲,苙鼎國際有限公司,83251642,2000,7863996 7859359
柯文哲,方銳科技有限公司,90409696,2000,7864002
柯文哲,雷神事業有限公司,42712467,2000,7906619
柯文哲,合方神盛室內裝修有限公司,83034907,2000,7859355
柯文哲,鼎江不動產有限公司,64523004,2000,7859342
柯文哲,風調魚順有限公司,50831347,2000,7859309
柯文哲,良河金屬工業有限公司,35956938,2000,7859290 7859291
柯文哲,丰好食股份有限公司,94035328,2000,7859393
柯文哲,方拓實業有限公司,69649349,2000,7859344
柯文哲,竑鼎企業有限公司,67087407,2000,7859343
柯文哲,饗食商行,93255695,2000,7859389
柯文哲,申特精密工業有限公司,24622859,2000,7859275
柯文哲,江森婚禮有限公司,90379362,2000,7853106
柯文哲,金蕙投資有限公司,28824722,2000,7853064
柯文哲,萬通投資顧問有限公司,90087317,2000,7853105 7770104
柯文哲,湯普升有限公司,83159526,2000,7853091
柯文哲,貳馬油漆工程行,82351405,2000,7853081 7770098
柯文哲,青木田國際實業有限公司,83647700,2000,7841619
柯文哲,斯維特企業社,85209851,2000,7841624
柯文哲,天鳴重型機車有限公司,91059182,2000,7770140
柯文哲,丰好食商行,82432759,2000,7770149
柯文哲,坂本尤企劃有限公司,90021435,2000,7770262
柯文哲,華商紙業股份有限公司,84693224,2000,7770148
柯文哲,連豪科技有限公司,27895754,2000,7889933
柯文哲,雲亨資安有限公司,90837228,2000,7770145
柯文哲,永欣宸有限公司,82992611,2000,7770143
柯文哲,樂芙美學企業社,72718951,2000,7770142
柯文哲,絡客貿易企業行,82454654,1822,7770139
柯文哲,以撒整合行銷有限公司,83491349,1800,7841618 7838995 7836507 7770037 7770036 7770034
柯文哲,祥綸企業有限公司,05080684,1800,7770136
柯文哲,易美嬰童用品有限公司,55944664,1800,7770054 7770087
柯文哲,弘朋國際行銷有限公司,83574805,1800,7770137
柯文哲,迺航科技有限公司,24462656,1600,7862978
柯文哲,秀陸有限公司,89137633,1500,7885469 7770261
柯文哲,後山金工房,34890988,1500,7853065
柯文哲,駿豐雷射有限公司,82819824,1500,7770134
柯文哲,集英文創有限公司,42768291,1500,7770133
柯文哲,勁潔企業社,82490820,1500,7770051 7770089
柯文哲,金阜酉國際企業有限公司,24843115,1450,7770067 7770045
柯文哲,騰星有限公司,69401901,1450,7770125 7770044
柯文哲,大輪創意國際有限公司,43833361,1450,7770047 7770097
柯文哲,艾斯德有限公司,55742111,1450,7890117 7890116
柯文哲,中原碩鑫國際有限公司,85083419,1450,7770131
柯文哲,龍泰輪胎行,78128398,1450,7770130
柯文哲,迪諾遊戲屋,91775214,1450,7770046 7770107
柯文哲,綵益工程行,88973226,1450,7770129
柯文哲,捷伊雲端留學顧問企業社,93436872,1200,7885476
柯文哲,陳食餐飲有限公司松隆分公司,90492337,1150,7770126
柯文哲,元仁科技有限公司,45902145,1100,7859302
柯文哲,奇源(股)公司,80726151,1000,7885458
柯文哲,富堂國際事業有限公司,54251539,1000,7863978
柯文哲,輕樹廣企業社,92332218,1000,7864007
柯文哲,仁美資訊有限公司,24436460,1000,7863963
柯文哲,亞樺電機有限公司,04834089,1000,7862962
柯文哲,加勝電器行,91375955,1000,7864004
柯文哲,大培元商行,18073709,1000,7863961
柯文哲,大禾秝設計有限公司,24912111,1000,7863964
柯文哲,漁田村企業社,91642427,1000,7864006
柯文哲,好牛老闆有限公司,92604479,1000,7859387
柯文哲,詠蒔商行,88138542,1000,7859367
柯文哲,大吉串物小吃,82184580,1000,7859353
柯文哲,阿里巴七工作室,88377584,1000,7859370
柯文哲,健勤商行,91311974,1000,7859379
柯文哲,羅可曦設計有限公司,53739554,1000,7859314
柯文哲,成心不動產經紀有限公司,83072325,1000,7906623
柯文哲,立馨企業社,87495319,1000,7859366
柯文哲,燕麥吧企業社,81437046,1000,7859350
柯文哲,紅櫻桃有限公司,50761073,1000,7859306
柯文哲,帥富嚴選企業社,85221047,1000,7859365
柯文哲,益祥水電工程行,72686352,1000,7859347
柯文哲,造盛有限公司,54875417,1000,7859320
柯文哲,水星農場有限公司,54633137,1000,7859317
柯文哲,樂奇旅行社有公司,42686714,1000,7859296
柯文哲,三元恆欣業有限公司,42595643,1000,7859295
柯文哲,咖啡色商行,42436462,1000,7859293
柯文哲,久雋股份有限公司,56607747,1000,7859321
柯文哲,昀誼有限公司,83047537,1000,7859357
柯文哲,嵐傑開發有限公司,50800317,1000,7859307
柯文哲,可馳有限公司,53859781,1000,7859316
柯文哲,禾耀門窗工程設計,91455866,1000,7859380
柯文哲,土地公科技有限公司,24410736,1000,7859274
柯文哲,頂利國際有限公司,83763307,1000,7853095
柯文哲,豐潮電腦,91646205,1000,7853111
柯文哲,聚樂媒體行銷有限公司,89285134,1000,7853102
柯文哲,崴騰車業,88447272,1000,7853099
柯文哲,科邁銘板工業有限公司,83228235,1000,7853093
柯文哲,鎰方工業股份有限公司,59171520,1000,7853074
柯文哲,東美噴漆社,97551319,1000,7853121
柯文哲,北門口肉圓民生店,95957799,1000,7853119
柯文哲,吉加室內裝修有限公司,94094091,1000,7853115
柯文哲,曜耘貿易有限公司,90616153,1000,7853109
柯文哲,藝之初創意塗裝,90488143,1000,7853108
柯文哲,澄實實業有限公司,90021913,1000,7853104
柯文哲,實山空間設計,88984238,1000,7853101
柯文哲,翊勳工程行,85488517,1000,7853097
柯文哲,逗留旅店有限公司,83300849,1000,7853094
柯文哲,藝智生活有限公司,82989215,1000,7853088
柯文哲,擄滷胃商行,82422865,1000,7853084
柯文哲,通霄一心素食大飯店,82385685,1000,7853082
柯文哲,瑞誼螺絲有限公司,70726060,1000,7853079
柯文哲,尚翊電子科技有限公司,69557410,1000,7853078
柯文哲,巨鵬國際科技有限公司,66506727,1000,7853077
柯文哲,和承環保科技有限公司,54710181,1000,7853072
柯文哲,醫貝樂有限公司,42695214,1000,7853122
柯文哲,伴君云實業有限公司,42924265,1000,7841966
柯文哲,宏昶企業社,88664143,1000,7853100
柯文哲,理想生活創意整合有限公司,94107743,1000,7839000
柯文哲,三益有限公司,54102779,1000,7770065
柯文哲,來歐國際有限公司,90166543,1000,7770060
柯文哲,臧姑娘服飾有限公司,91090326,1000,7770123
柯文哲,金典雷射雕刻有限公司,80717694,1000,7770069
柯文哲,昀之有限公司,90262530,1000,7770066
柯文哲,上慧機械企業有限公司,76364938,1000,7770064
柯文哲,秝禾鑫實業有限公司,66602236,1000,7770063
柯文哲,伊斯博資訊工程,41297483,1000,7770062
柯文哲,翔紡欣紡織有限公司,53760090,1000,7770121
柯文哲,穩旺企業社,88228831,1000,7770118
柯文哲,一六八電力科技股份有限公司,90681626,1000,7770105
柯文哲,萊沛斯運動股份有限公司,82764026,1000,7770103
柯文哲,翔竣國際實業有限公司,50771158,1000,7770101
柯文哲,愛喆藍化妝品配方創新工作室,85798098,1000,7770263
柯文哲,你的殺價金額有限公司,83281815,1000,7770099
柯文哲,承爵工程行,02341551,1000,7770096
柯文哲,睛翎實業社,92353206,1000,7770095
柯文哲,五二赫茲有限公司,90053999,1000,7770094
柯文哲,煉瓦良茶,87446471,1000,7770093
柯文哲,有家室內空間工程有限公司,83599670,1000,7770092
柯文哲,至順股份有限公司,83361205,1000,7770091
柯文哲,豆子一家輕旅有限公司,82793887,1000,7770090
柯文哲,盛圓有限公司,69725514,1000,7770088
柯文哲,多博科技股份有限公司,54696126,1000,7770086
柯文哲,享創物聯有限公司,50838708,1000,7770085
柯文哲,創新一點股份有限公司,24781856,1000,7770082
柯文哲,日鼎地板行,14713394,1000,7770081
柯文哲,水餃控花蓮美食餐廳,91595959,1000,7770080
柯文哲,頤橙設計有限公司,90542006,1000,7770079
柯文哲,羅塔無人機科技有限公司,90305019,1000,7770078
柯文哲,寶聖設計有限公司,83783612,1000,7770077
柯文哲,綠豐商務管理顧問有限公司,83614172,1000,7770076
柯文哲,亮寶貿易有限公司,83296520,1000,7770075
柯文哲,杰立欣科技有限公司,83118413,1000,7770074
柯文哲,薑薑小姐有限公司,83024485,1000,7770073
柯文哲,唯欣工程行,81484498,1000,7770072
柯文哲,國清五金有限公司,70613410,1000,7770071
柯文哲,順晟製模股份有限公司,22380736,1000,7770070
柯文哲,天使電腦資訊企業社,26237260,824,7770056
柯文哲,好鴻工程有限公司,53469019,800,7770055
柯文哲,聖玥企業社,87454181,600,7863999
柯文哲,一寶家庭料理館,85173122,600,7859363
柯文哲,齊陞實業有限公司,54200265,500,7885449
柯文哲,十引室內裝修工程有限公司,50816577,500,7863976
柯文哲,九月旭商行,92681398,500,7859388
柯文哲,其樂創意行銷有限公司,28464732,500,7859285
柯文哲,晴曜實業有限公司,83660463,500,7859361
柯文哲,康力富企業有限公司,27422469,500,7859282
柯文哲,繽果商行,92464553,500,7859386
柯文哲,達特威消防安全設備工程有限公司,50803377,500,7859308
柯文哲,竣木室內裝修設計有限公司,94029368,500,7859392
柯文哲,庖匠人生工作室,88301369,500,7859369
柯文哲,永發服務股份有限公司,82902098,500,7853086
柯文哲,意誠行,76639802,500,7853053
柯文哲,花生好飾工作室,91699363,500,7853112
柯文哲,全榮興業有限公司,69586560,500,7833704
柯文哲,典銘實業有限公司,80596066,500,7833689
柯文哲,聯得順科技有限公司,54502894,500,7770050
柯文哲,雲灝有限公司,90441794,500,7770049
柯文哲,超金代國際企業社,91414325,500,7770048
柯文哲,聖珈企業社,91233921,300,7859378
柯文哲,双友社,88286901,300,7859368
柯文哲,瑞亞工作室,91795204,300,7859383
柯文哲,至紘有限公司,93768739,300,7859390
柯文哲,奈奈日本小鋪,92249160,300,7859385
柯文哲,惠元商行,88585345,300,7859371
柯文哲,升豪冷飲站,85140170,300,7859362
柯文哲,富居窗簾,40701555,300,7853067
柯文哲,承加空調科技有限公司,83169051,300,7770043
柯文哲,好健康食材有機專賣店,72691947,300,7770033
柯文哲,曼特有限公司,82930355,300,7770030
柯文哲,郡山重車企業社,91131918,300,7770042
柯文哲,治國科技有限公司,83035552,300,7770041
柯文哲,君賀企業社,91136358,300,7770040
柯文哲,延森室內裝修設計有限公司,91093920,300,7770039
柯文哲,就是鬆餅斗六店,93381449,300,7770038
柯文哲,肌肉書僮有限公司,89119001,300,7770035
柯文哲,四零四網路資訊企業社,92527380,300,7770032
柯文哲,青琦實業有限公司,43871168,300,7770031
柯文哲,京秬企業社,92352142,224,7770028
柯文哲,鵬友印象企業社,91630365,200,7859381
柯文哲,藝心娛樂股份有限公司,50765304,200,7770027
賴清德,第一名店股份有限公司,80663515,1000000,7981651 7977972
賴清德,冠誠生活股份有限公司,24332140,1000000,7973295
賴清德,冠德建設股份有限公司,30900892,1000000,7973294
賴清德,環球購物中心股份有限公司,80296032,1000000,8001053
賴清德,東星眼鏡,26026693,1000000,7966227
賴清德,盛華管理顧問股份有限公司,83472477,1000000,7981202
賴清德,盛華人力資源股份有限公司,80577764,1000000,7981201
賴清德,啟丞企業有限公司,76312897,1000000,7981794
賴清德,太威百貨有限公司,53577299,1000000,7954286
賴清德,晶麗企業股份有限公司,27551738,1000000,7988140
賴清德,歐聯環保科技有限公司,28306170,1000000,7994505
賴清德,德吉國際有限公司,54626585,1000000,7994504 7998306
賴清德,凱客食品行,57974663,1000000,7987840
賴清德,寳禎建設股份有限公司,28136871,1000000,8000612
賴清德,佳勝科技股份有限公司,12961045,1000000,7966152
賴清德,明國興業有限公司,22826483,1000000,7965429 7963140
賴清德,明宗行貿易有限公司,75252962,1000000,7965428 7963141
賴清德,加發投資股份有限公司,28853009,1000000,7956229
賴清德,寶民貿易股份有限公司,22463638,1000000,8000607
賴清德,寧漢企業股份有限公司,86119323,1000000,7994293
賴清德,聯上開發股份有限公司,22659295,1000000,8001054
賴清德,德安五金行,60390185,1000000,7994292
賴清德,燦通企業股份有限公司,70386610,1000000,8000602
賴清德,小樽日本料理股份有限公司,54822968,1000000,7953672
賴清德,仲川餐飲事業,92194003,1000000,7958295
賴清德,壯觀帷幕牆股份有限公司,52819235,1000000,7965367
賴清德,周昌發工程有限公司,24676643,1000000,7965000
賴清德,創揚室內裝修企業股份有限公司,31333550,1000000,7987385
賴清德,漢神購物中心股份有限公司,97290286,1000000,7993920
賴清德,建興石業股份有限公司,89637118,1000000,7971682 7971681 7971637
賴清德,惠寶國際股份有限公司,80523579,1000000,7987173
賴清德,佑神電子遊戲場業股份有限公司,89411961,1000000,7958111
賴清德,允鑫五金工業股份有限公司,22511863,1000000,7954175
賴清德,美港聯和股份有限公司,12950188,1000000,7971766
賴清德,大吉汽車企業股份有限公司,22253106,1000000,7953668 7954156
賴清德,富鋼防蝕有限公司,28711234,1000000,7986987 7986815
賴清德,澤成工程有限公司,54824570,1000000,7993631
賴清德,佳香品味有限公司,90515423,1000000,7964527
賴清德,快樂屋圖書文具廣場,99518983,1000000,7964526
賴清德,瑞成金銀珠寶有限公司,16557263,1000000,7993618
賴清德,東徽電力股份有限公司,50948732,1000000,7964497
賴清德,多慶投資股份有限公司,16862221,1000000,7958072
賴清德,有限責任台中市第二信用合作社,51814009,1000000,7958068
賴清德,環隆科技股份有限公司,52878846,1000000,8000168
賴清德,三裕運輸股份有限公司,13034539,1000000,7953421
賴清德,臺南企業股份有限公司,68919702,1000000,7993516
賴清德,筑軒室內設計有限公司,59143790,1000000,7986770
賴清德,晉岦車業行,47648774,1000000,7971486
賴清德,晨暉加油站股份有限公司,96891260,1000000,7978814
賴清德,信明交通股份有限公司,23710340,1000000,7971485
賴清德,喬隆工程有限公司,42976473,1000000,7986678
賴清德,晟盛工程興業有限公司,53640791,1000000,7971424
賴清德,昂昇工程行,21332722,1000000,7964240
賴清德,中港砂石企業股份有限公司,55764796,1000000,7953670
賴清德,勇翔工程有限公司,53885492,1000000,7971406
賴清德,正荃營造工程有限公司,86461353,1000000,7957999
賴清德,富禾環保科技有限公司,54542283,1000000,7986634
賴清德,九亨國際股份有限公司,27848388,1000000,7953289
賴清德,國興畜產股份有限公司,86660894,1000000,7978331
賴清德,正格投資股份有限公司,23639396,1000000,7957979
賴清德,日友水產股份有限公司,22000270,1000000,7955889
賴清德,駐龍科技股份有限公司,28875030,1000000,7993252
賴清德,春淵建設股份有限公司,24628333,1000000,7971180
賴清德,宏都投資有限公司,16007346,1000000,7963693
賴清德,盛香投資有限公司,45149040,1000000,7977741
賴清德,盛香基因科技股份有限公司,63789407,1000000,7977740
賴清德,綠能奈米科技有限公司,29050730,1000000,7995938
賴清德,滿欣投資股份有限公司,53962504,1000000,7992839
賴清德,滿順投資股份有限公司,54253874,1000000,7992838
賴清德,滿福投資股份有限公司,29050990,1000000,7992837
賴清德,國原營造股份有限公司,33857130,1000000,7977587
賴清德,揚潤營造股份有限公司,91759468,1000000,7985894
賴清德,謙順行股份有限公司,03604406,1000000,7999641 7999625
賴清德,新享生活股份有限公司,28701550,1000000,7986074
賴清德,滿線整合行銷有限公司,54583170,1000000,7992761
賴清德,捷高國際有限公司,43755528,1000000,7977536
賴清德,璞吉廣告股份有限公司,52365254,1000000,7992796
賴清德,璞毅開發股份有限公司,24969042,1000000,7992794
賴清德,德陽投資股份有限公司,27808626,1000000,7992749
賴清德,昇展國際資訊股份有限公司,12922156,1000000,7963388
賴清德,震南鐵線股份有限公司,86540792,1000000,7992682
賴清德,藝世紀裝潢有限公司,54357272,1000000,8000214
賴清德,華潤建設股份有限公司,53761393,1000000,7985697
賴清德,丟架環球商貿有限公司,53805076,1000000,7957683
賴清德,大成國際鋼鐵股份有限公司,28754606,1000000,7953660
賴清德,大成不銹鋼工業股份有限公司,22318348,1000000,7953659
賴清德,東源營造工程股份有限公司,05159231,1000000,7963149
賴清德,遠隆開發股份有限公司,23417710,1000000,7992572
賴清德,興和精密紡織股份有限公司,86861392,1000000,7999499
賴清德,宏陽營造有限公司,54623779,1000000,7962517
賴清德,九福有限公司,54757185,1000000,7953275
賴清德,高整企業有限公司,54193546,800000,7971800 7969985
賴清德,饗賓餐旅事業股份有限公司,79955280,800000,7999933
賴清德,啟動國際商場有限公司,54508172,800000,7977538
賴清德,小牛企業有限公司,83581691,700000,7953673 7953658
賴清德,盈泰科技股份有限公司,33238407,600000,7972206 7970407
賴清德,瑞成珠寶銀樓,20452733,600000,7993980
賴清德,萬機鋼鉄工業股份有限公司,88318994,600000,7994248
賴清德,享溫馨企業股份有限公司,29004693,585000,7965723 7964763
賴清德,香菇王股份有限公司,22469788,500000,7973498
賴清德,大時代量販家電,07910980,500000,7953937
賴清德,力盛彩色印刷股份有限公司,89903017,500000,7953319
賴清德,寬頻房訊科技股份有限公司,70841049,500000,7995963
賴清德,至晟工程行,85478291,500000,7960936
賴清德,快桅投資股份有限公司,25175358,500000,7965444
賴清德,力瑋國際開發股份有限公司,16626402,500000,8002576
賴清德,長佳機電工程股份有限公司,84271478,500000,7971980 7971975
賴清德,長佳開發股份有限公司,54326095,500000,7971979 7971974
賴清德,川菱工業股份有限公司,34573499,500000,7953674
賴清德,元勤企業行,74842920,500000,7954176
賴清德,偉新五金行,00942451,500000,7971971
賴清德,漢中全球投資股份有限公司,90436645,500000,7993919
賴清德,漢神名店百貨股份有限公司,23827290,500000,7993918
賴清德,綠岩能源股份有限公司,85097878,500000,7993955
賴清德,光榮工業股份有限公司,51272200,500000,7958302
賴清德,大和通運有限公司,16105613,500000,7954158
賴清德,保安國際旅行社有限公司,54826697,500000,7976035
賴清德,官邸髮藝會館,09532062,500000,7964334
賴清德,冠東鋼鐵股份有限公司,75925335,500000,7971421
賴清德,建誌鋼鐵工業股份有限公司,22909478,500000,7971420
賴清德,凱傑工程行,99944966,500000,7986646
賴清德,陸海股份有限公司,04927158,500000,7986636
賴清德,竑邑投資股份有限公司,29012201,500000,7971231
賴清德,優臣股份有限公司,34500861,500000,7999876
賴清德,裕毛屋企業股份有限公司,22853517,500000,7993059
賴清德,惠德勝醫藥生技股份有限公司,23840300,500000,7986112
賴清德,惠勝藥品股份有限公司,16890372,500000,7986102
賴清德,永勝藥品工業股份有限公司,30853589,500000,7957847
賴清德,永盈投資股份有限公司,23987063,500000,7957846
賴清德,三祥敏股份有限公司,22805488,500000,7953418
賴清德,良聯工業股份有限公司,89436978,500000,7963689
賴清德,大碩有限公司,53893042,500000,7953664
賴清德,大滬有限公司,53893015,500000,7953663
賴清德,人杰老四川餐飲管理顧問股份有限公司,28836494,500000,7953283
賴清德,第一超市股份有限公司,12666120,500000,7977973
賴清德,甘霖投資股份有限公司,11437304,500000,7957802
賴清德,采略投資股份有限公司,27290565,500000,7970645
賴清德,竣皓工業股份有限公司,83532664,500000,7985819
賴清德,嘉曜鋼鐵有限公司,28051583,500000,7992751
賴清德,台灣銅業科技股份有限公司,97270752,500000,7957745
賴清德,嘉豐物流股份有限公司,13198835,500000,7992690
賴清德,佳泰瑞貿易股份有限公司,96956468,500000,7963330 7963315
賴清德,南陽保險代理人股份有限公司,12530314,500000,7970243
賴清德,朝陽小客車租賃股份有限公司,84705354,500000,7985753
賴清德,上欣營造興業股份有限公司,89387934,500000,7953408
賴清德,金湖企業股份有限公司,54070143,500000,7970215
賴清德,永大順股份有限公司,96872735,500000,7957731
賴清德,明申工程有限公司,16104121,500000,7963237
賴清德,泓達化工股份有限公司,23418128,500000,7963230 7963228
賴清德,向揚實業股份有限公司,24770605,500000,7957707
賴清德,凱喬科技實業有限公司,28736349,500000,7985643
賴清德,源利工程股份有限公司,20657406,500000,7992607
賴清德,新星實業股份有限公司,54655672,500000,7985642
賴清德,竹城建設股份有限公司,97127855,500000,7957691
賴清德,大裕營造有限公司,23245533,500000,7953661
賴清德,名盛投資股份有限公司,16763518,500000,7957689
賴清德,百翔投資股份有限公司,16695511,500000,7957688
賴清德,鈦鼎科技股份有限公司,28664788,500000,7985586
賴清德,仁愛企業股份有限公司,18577618,500000,7954161
賴清德,北昌營造股份有限公司,23846206,500000,7955665
賴清德,國林號開發股份有限公司,81125846,500000,7977333
賴清德,中央藥局,78393038,500000,7953654
賴清德,樂點股份有限公司,53209324,400000,7995980
賴清德,上好印刷股份有限公司,16722587,400000,7953411 7953407
賴清德,瑞亨珠寶銀樓,98715037,320000,7993981
賴清德,宏海營造股份有限公司,42772561,310000,7964981 7964490
賴清德,忠泰建設股份有限公司,22957034,300000,7966541
賴清德,達成鑫鋼鐵股份有限公司,84829361,300000,7996224
賴清德,猿聲串動行銷股份有限公司,24708758,300000,7995981
賴清德,蟻力股份有限公司,54316857,300000,8001057
賴清德,穎杰鑄造工業股份有限公司,66570608,300000,8001052
賴清德,家瑞建設股份有限公司,84704897,300000,7973292
賴清德,德運建設股份有限公司,86153551,300000,7995958
賴清德,隆蔚有限公司,05129384,300000,7988670
賴清德,良達營造股份有限公司,86415582,300000,7966221
賴清德,竹蕙建設開發股份有限公司,84663919,300000,7958981
賴清德,福和窯業股份有限公司,34253329,300000,7995920
賴清德,新各界企業有限公司,12402015,300000,7988083
賴清德,吉嘉電子股份有限公司,21233666,300000,7958482
賴清德,順升昌企業股份有限公司,84431670,300000,7987848
賴清德,志昌邱鋼鐵股份有限公司,86220355,300000,7965419
賴清德,領航船舶物料供應行,80873370,300000,7998300
賴清德,永順成交通有限公司,42576060,300000,7958298
賴清德,瑞興交通股份有限公司,44415631,300000,7994254
賴清德,峻韋投資有限公司,53876450,300000,7971953
賴清德,宥霖營造有限公司,82861527,300000,7971784
賴清德,達新昌投資股份有限公司,24499197,300000,7993976
賴清德,世行鋼構有限公司,28039499,300000,7957153
賴清德,裕國冷凍冷藏股份有限公司,23641978,300000,7993917
賴清德,和川股份有限公司,23988176,300000,7964769
賴清德,詠真室內裝修有限公司,24303601,300000,7987167
賴清德,嘉南開發事業股份有限公司,22982174,300000,7993739
賴清德,永祥投資股份有限公司,16804911,300000,7958076
賴清德,金智土木包工業,21985080,300000,7971574
賴清德,原笛服飾有限公司,86230585,300000,7971567
賴清德,康和綜合證券股份有限公司,23824511,300000,7979085
賴清德,員榮醫療社團法人員榮醫院,60237057,300000,7971562 7970266
賴清德,介大金屬工業股份有限公司,69400776,300000,7954166
賴清德,柏文健康事業股份有限公司,27693238,300000,7971404
賴清德,威全機械工業股份有限公司,52718834,300000,7971387
賴清德,力菱機電事業股份有限公司,30954138,300000,7953419
賴清德,優廣建設股份有限公司,27775250,300000,7999764
賴清德,聯傑科技股份有限公司,12975385,300000,7999739
賴清德,佳大建材工業股份有限公司,72016282,300000,7963605
賴清德,坤峰實業有限公司,24715322,300000,7963603
賴清德,高旺螺絲工業有限公司,22545842,300000,7970657
賴清德,吉家投資有限公司,83478970,300000,7957804
賴清德,連結機械股份有限公司,20629303,300000,7977633
賴清德,華聿股份有限公司,43850683,300000,7985895
賴清德,泛台實業股份有限公司,12119974,300000,7963409
賴清德,力菱能源科技股份有限公司,82923684,300000,7953412
賴清德,緯錩實業有限公司,84513412,300000,7992742
賴清德,通進實業股份有限公司,54096376,300000,7977498
賴清德,禾合行銷有限公司,83536417,250000,7958193
賴清德,翊豐營造股份有限公司,24645699,250000,7987202
賴清德,維勝鋼鐵股份有限公司,83713594,250000,7993484
賴清德,秀泰建設開發股份有限公司,54872636,250000,7963470
賴清德,長耀建設股份有限公司,27351703,250000,7970194
賴清德,瓊蓮股份有限公司,22738720,200020,7999612
賴清德,維閣牧場,36861571,200000,7996848
賴清德,康順股份有限公司,56696419,200000,7981625 7980189
賴清德,華杏股份有限公司,56804509,200000,7988966 7987377
賴清德,華又有限公司,24856130,200000,7988963 7987374
賴清德,有限責任基隆第一信用合作社,00280902,200000,7960935
賴清德,寶業建設股份有限公司,36528175,200000,8001051
賴清德,長虹建設股份有限公司,04633597,200000,7973291
賴清德,好漾廣告股份有限公司,28468012,200000,7958984
賴清德,東台灣汽車客運股份有限公司,90364184,200000,7966189
賴清德,志廣實業有限公司,27599846,200000,7966168
賴清德,宏錦建設股份有限公司,80673231,200000,7966134
賴清德,順吉位精密工業有限公司,54610134,200000,7988595
賴清德,春富投資股份有限公司,89434198,200000,7973265
賴清德,南鎮天然氣股份有限公司,86689421,200000,7973264
賴清德,牛耳國際生技股份有限公司,53765237,200000,7956237
賴清德,翰盟實業股份有限公司,04990341,200000,8000624
賴清德,力祥船舶五金行,00655648,200000,7953400
賴清德,永進成交通有限公司,80323930,200000,7958297
賴清德,環球藥品股份有限公司,22923984,200000,8000843
賴清德,萬國製藥廠股份有限公司,22289266,200000,7995007
賴清德,大煒塑膠工業股份有限公司,23514327,200000,7953671
賴清德,金亞金屬工業股份有限公司,12211281,200000,7971771
賴清德,冠傑建設開發有限公司,29023621,200000,7971770
賴清德,柏宣建設股份有限公司,27624325,200000,7971951 7971758
賴清德,天瑛股份有限公司,23197342,200000,7954172
賴清德,華鳳股份有限公司,89865858,200000,7987186
賴清德,順倉股份有限公司,84710883,200000,7987172
賴清德,信森實業股份有限公司,68463484,200000,7971642
賴清德,達騰設計有限公司,54985836,200000,7993615
賴清德,亨岱興業有限公司,89256460,200000,7961066
賴清德,暘富環境科技有限公司,83112537,200000,7986819
賴清德,崇義建設開發股份有限公司,86517201,200000,7978875
賴清德,冠龍國際開發股份有限公司,16828863,200000,7975823
賴清德,文賀實業股份有限公司,79999581,200000,7956456
賴清德,好視力眼鏡行,25913192,200000,7958031
賴清德,得良建設有限公司,83540355,200000,7978682
賴清德,竹風建設股份有限公司,28161131,200000,7957991
賴清德,萬九科技股份有限公司,86841782,200000,7993256
賴清德,皓光國際股份有限公司,94071479,200000,7986380
賴清德,卜鼎企業有限公司,89985241,200000,7953415
賴清德,傑期企業股份有限公司,86051267,200000,7986015
賴清德,緯航企業股份有限公司,85946957,200000,7992927
賴清德,景航企業股份有限公司,23110325,200000,7986010
賴清德,枋寮醫療社團法人枋寮醫院,10459455,200000,7963574
賴清德,欣洋企業有限公司,66462903,200000,7963511
賴清德,日月潭纜車股份有限公司,80394033,200000,7955755
賴清德,達聿股份有限公司,28781060,200000,7992819
賴清德,豪盛建設股份有限公司,28860206,200000,7992818
賴清德,亞柏企業社,26244678,200000,7963438
賴清德,吉泰藥品股份有限公司,24308887,200000,7957749
賴清德,佳契國際股份有限公司,97124442,191160,7963593
賴清德,祥曉企業股份有限公司,22416050,162000,7979317 7977974
賴清德,新聯祥廣告股份有限公司,24495116,150000,7988672
賴清德,新聯昌廣告股份有限公司,24494658,150000,7988671
賴清德,旺佳廣告有限公司,50913656,150000,7965435
賴清德,珍鼎記茶飲股份有限公司,28962490,150000,7971978
賴清德,龍鎮建設有限公司,82794041,150000,8000311
賴清德,世新加油站股份有限公司,23115927,150000,7956067
賴清德,久立藥品有限公司,16799305,150000,7953420
賴清德,安得烈股份有限公司,97425469,150000,7957850 7957810
賴清德,帝瑋企業股份有限公司,23074355,120000,7971685
賴清德,芙彤園股份有限公司,42841005,100000,7966823
賴清德,康益股份有限公司,16050315,100000,7983438
賴清德,國暉鋼鐵股份有限公司,22930612,100000,7981618
賴清德,國威金屬工業股份有限公司,16407172,100000,7981617
賴清德,東譽營造有限公司,84200452,100000,7966516
賴清德,勇立興建築事業股份有限公司,22560569,100000,7973481
賴清德,宜聯鋼鐵股份有限公司,42032010,100000,7967008
賴清德,新穎衛材有限公司,23979211,100000,7988622
賴清德,大千廣播電台股份有限公司,89543920,100000,7953825
賴清德,裕聖實業有限公司,96993344,100000,7995976
賴清德,泰金精密科技股份有限公司,54570463,100000,7971973
賴清德,環亞光電股份有限公司,83133239,100000,8000603
賴清德,允發塑膠加工廠,77683713,100000,7954608
賴清德,圓頂營造工程股份有限公司,42924568,100000,7987785
賴清德,永三和企業有限公司,97481996,100000,7958210
賴清德,杏葳股份有限公司,53390891,100000,7965025
賴清德,翊宏藥業有限公司,16541734,100000,7990786
賴清德,馬玉山食品工業股份有限公司,81133395,100000,7971950
賴清德,嘉宏顏料廠有限公司,72076491,100000,7993977
賴清德,萬興氟場有限公司,69616522,100000,7993954
賴清德,本業建設股份有限公司,28617006,100000,7958184
賴清德,允在工程有限公司,86041395,100000,7954174
賴清德,泳昇機械股份有限公司,44402468,100000,7964934
賴清德,羿晨機械股份有限公司,23194181,100000,7971633
賴清德,伍大鐵工廠股份有限公司,35126053,100000,7958103 7958102
賴清德,隆嚴建設股份有限公司,16372821,100000,7986967
賴清德,知豐品秀股份有限公司,56694708,100000,7964494
賴清德,倡鐵實業有限公司,01179094,100000,7971481
賴清德,安頌液壓工業股份有限公司,52906884,100000,7957997
賴清德,統和資訊國際股份有限公司,70388878,100000,7978332
賴清德,力迅精密工業有限公司,90070391,100000,7953288
賴清德,屏東農產股份有限公司,92702838,100000,7971236
賴清德,聖賢藥局,31830945,100000,7993138
賴清德,松和工業股份有限公司,85611896,100000,7963708
賴清德,廷強科技有限公司,90346715,100000,7963690
賴清德,雅織流行股份有限公司,89485111,100000,7986079
賴清德,東松建設有限公司,54245137,100000,7963660
賴清德,庭園民宿,09320551,100000,7970769
賴清德,華信保險公證人有限公司,86028870,100000,7986061
賴清德,勝偕建設股份有限公司,27206482,100000,7986023
賴清德,啓大企業行,92360277,100000,7999720
賴清德,太友建設有限公司,80317944,100000,7954162
賴清德,崇佑投資股份有限公司,97092363,100000,7977677
賴清德,昕誠建設有限公司,83291709,100000,7963539
賴清德,誼長隆海味有限公司,54798664,100000,7992888
賴清德,良群建設股份有限公司,12983940,100000,7963531
賴清德,鴻盛實業有限公司,22904044,100000,7999672
賴清德,屏東縣南州地區農會,91604107,100000,7970637
賴清德,鴻宇工程顧問有限公司,16517755,100000,7999663
賴清德,三昱技研股份有限公司,24951633,100000,7953414
賴清德,昱捷股份有限公司,22731120,100000,7970590
賴清德,聚智國際開發股份有限公司,65734408,100000,7992743
賴清德,展維實業股份有限公司,84403560,100000,7970349
賴清德,阿振美饌股份有限公司,53605794,100000,7970345
賴清德,嘉映工業股份有限公司,89861585,100000,7992721
賴清德,新旭台實業股份有限公司,61905957,100000,7985766
賴清德,十全實業股份有限公司,51006301,100000,7953409
賴清德,仲順貿易股份有限公司,12481545,100000,7957739
賴清德,佳勁投資股份有限公司,42772555,100000,7963316
賴清德,綜順國際有限公司,25147987,100000,7992670
賴清德,現代聯運股份有限公司,81003800,100000,7977405
賴清德,千瀚投資股份有限公司,50864640,100000,7953406
賴清德,亞展水電工程行,68323935,100000,7961253
賴清德,東芥營造股份有限公司,70517599,80000,7966910
賴清德,彰太織造股份有限公司,59146311,70000,7993813
賴清德,祐金企業有限公司,25057943,70000,7971391
賴清德,吉利展精機股份有限公司,70532228,66000,7957951
賴清德,竹泰加油站股份有限公司,16227094,60000,7958138
賴清德,合億興業股份有限公司,22697474,60000,7957996
賴清德,東昱工業有限公司,80457304,60000,7964156
賴清德,元弘草本科研股份有限公司,27470320,60000,7954165
賴清德,生煒工業有限公司,22072392,60000,7957982
賴清德,鉗泰鐵工廠股份有限公司,22249785,60000,7993354
賴清德,明陽模型股份有限公司,23980174,60000,7964155
賴清德,柏貴企業股份有限公司,86411158,60000,7969228
賴清德,原毅營造有限公司,84836503,50000,7974052
賴清德,東盛企業社,89031012,50000,7966817
賴清德,文華加油站股份有限公司,70695995,50000,7956314
賴清德,信毅加油站股份有限公司,70510982,50000,7972306
賴清德,合山實業股份有限公司,42052866,50000,7958317
賴清德,駿國建設股份有限公司,53839414,50000,8000615
賴清德,凱樂媒體資訊有限公司,28343061,50000,7988890
賴清德,源信竹藝社,06150201,50000,7993978
賴清德,安達汽車貨運股份有限公司,00121406,50000,7958190
賴清德,欣億昌工業股份有限公司,84697621,50000,7965765
賴清德,慶來建設股份有限公司,28969748,50000,7993836
賴清德,順盛企業社,13960656,50000,7987373
賴清德,天馨實業股份有限公司,22920895,50000,7954169
賴清德,寰宇國際財務顧問有限公司,28836608,50000,7993638
賴清德,關懷廣播股份有限公司,89516515,50000,8000260
賴清德,中鷹加油站股份有限公司,16487576,50000,7954168
賴清德,山源有限公司,24696211,50000,7953666
賴清德,山圓有限公司,66387763,50000,7953665
賴清德,玄鐘實業有限公司,89267831,50000,7957849
賴清德,承合工程有限公司,24277147,50000,7963656
賴清德,首誠投資股份有限公司,28851179,50000,7970753
賴清德,誠品貿易股份有限公司,27337766,50000,7992953
賴清德,聖爵事業有限公司,16401380,50000,7992911
賴清德,鐠羅機械股份有限公司,12886948,50000,7999673
賴清德,三和鋁業有限公司,86962379,50000,7953413
賴清德,南部化成股份有限公司,80167733,50000,7970638
賴清德,將維實業有限公司,22394817,50000,7977508
賴清德,福和飼料店,34357513,50000,7992570
賴清德,聞香閣食品有限公司,53178510,40000,7994362
賴清德,超逸實業有限公司,86264472,40000,7987439
賴清德,俊良貿易股份有限公司,30854172,40000,7971383
賴清德,永興中藥行,10291962,35000,7958200
賴清德,宏昇加油站有限公司,89824745,30000,7965689
賴清德,名駿建設有限公司,89994430,30000,7958208
賴清德,廣笠機械工業有限公司,80436414,30000,7993393
賴清德,里山環境整合有限公司,54763953,30000,7964209
賴清德,寶結企業有限公司,23911326,30000,7999766
賴清德,高福鐵材行,59370886,30000,7970351
賴清德,集元果食品有限公司,54005050,30000,7985769
賴清德,大金樺電器企業有限公司,84093919,30000,7953655
賴清德,祥閎管理顧問企業社,47986893,26250,7979308
賴清德,關山汽車股份有限公司,22565797,20000,8001403
賴清德,露寶有限公司,08126951,20000,8000761
賴清德,東源股份有限公司,54156789,20000,7964999
賴清德,亞特力士股份有限公司,24290401,20000,7965813
賴清德,友達營造有限公司,28151794,20000,7954171
賴清德,華隆鐵材行,17905347,20000,7987152
賴清德,德順昌建設股份有限公司,54245002,20000,7993792
賴清德,偉昌電氣工程股份有限公司,84410437,20000,7971590
賴清德,惠瑞特股份有限公司,86674089,20000,7986969
賴清德,良邦建材有限公司,80223123,20000,7964491
賴清德,優達景觀設計有限公司,29115451,20000,8000023
賴清德,長梭企業有限公司,28557957,20000,7970998
賴清德,銳特租賃有限公司,24989862,20000,7992986
賴清德,聖貿國際股份有限公司,97391236,20000,7992916
賴清德,皇傑汽車有限公司,27488975,20000,7970676
賴清德,充昱汽車有限公司,54236735,20000,7955747
賴清德,全洗企業有限公司,59304970,20000,7957752
賴清德,若愚工程科技有限公司,90373493,20000,7968714
賴清德,高豪投資股份有限公司,83078664,20000,7969075
賴清德,宇宸綠能企業社,38919965,19000,7958175
賴清德,無可就樂音樂工作室,42504138,18000,7986062
賴清德,宸邑科技有限公司,12930091,15265,7969205 7969006 7968979
賴清德,運盈新能源有限公司,69464721,15000,7995931
賴清德,金燦企業社,21724570,15000,7971440
賴清德,明宗汽車修配廠,52941947,14700,7965052 7964831 7964802 7964800 7964708
賴清德,愛弟瑞奇投資股份有限公司,43944373,12450,7986119
賴清德,崨克投資股份有限公司,24501449,12024,7985054 7985053
賴清德,正永洋機電工程有限公司,89507500,10800,7958075
賴清德,弘騰企業社,41445479,10000,7958484
賴清德,崇詳工業股份有限公司,97502824,10000,7980619 7980081 7979863 7979862
賴清德,勝寶營造有限公司,12608255,10000,7987361
賴清德,綠動環衛科技有限公司,24644360,10000,7993800
賴清德,禾力行銷有限公司,53956828,10000,7958134
賴清德,悅棋貿易有限公司,84648306,10000,7971679
賴清德,欣翔工程行,37609843,10000,7964762
賴清德,皮可斯服飾店,81393883,10000,7958133
賴清德,富茂肥料行,17919623,10000,7987165
賴清德,默娘茶莊,89030463,10000,8000300
賴清德,德豐酒業有限公司,45120965,10000,7993791
賴清德,明亮水電工程行,88816113,10000,7964561
賴清德,玉洋企業有限公司,16396400,10000,7958214
賴清德,承銘投資股份有限公司,53063382,10000,7964389
賴清德,金理車業有限公司,86729486,10000,7971509
賴清德,翊煒有限公司,83274589,10000,7986587
賴清德,丞鋐土木包工業,47899363,10000,7957983
賴清德,允源鋼鐵有限公司,24409288,10000,7954164
賴清德,麗室建材有限公司,89428604,10000,7999750
賴清德,甲子金營造有限公司,53906757,10000,7957836
賴清德,大將日本料理店股份有限公司,80605467,10000,7953662
賴清德,吉統鐵工所,40794081,10000,7957817
賴清德,皇享投資有限公司,24877613,10000,7970704
賴清德,家安生命禮儀社,21985716,10000,7970702
賴清德,文傳不動產有限公司,56677089,10000,7955770
賴清德,佳宏農業資材行,36743667,10000,7963583
賴清德,屏安醫療社團法人屏安醫院,47921077,10000,7970691
賴清德,聯夏食品工業股份有限公司,80677588,10000,7999692
賴清德,駿軒汽車甲級保養廠,09593855,10000,7999684
賴清德,煜暉電業工程有限公司,89261674,10000,7992887
賴清德,景欣塑膠股份有限公司,16017105,10000,7985968
賴清德,恩澤萬國貿易有限公司,85006981,10000,7970644
賴清德,一畝田健康生技有限公司,55967194,10000,7953226
賴清德,秋龍實業有限公司,36535942,10000,7970382
賴清德,維新傢飾裝潢行,81726658,10000,7992603
賴清德,古糧早餐店,25704771,10000,7955321
賴清德,威騰衛浴有限公司,54070925,9000,7972161 7972160 7972159 7971533 7971532
賴清德,金昌金屬有限公司,28621640,8500,7971804
賴清德,宜衫有限公司,85077850,8000,7964492
賴清德,地芙諾國際有限公司,83128550,7780,7959605 7959604
賴清德,嘉年華家具有限公司,90896909,7200,7996830 7996106
賴清德,欣盛企業社,09128112,7200,7964953
賴清德,千溝投資有限公司,85093562,7200,7953417
賴清德,富統肉品行,78759177,7200,7984274 7984241
賴清德,巨凱國際車品企業社,87330078,7126,7957480 7957426 7957349
賴清德,茂誼工程有限公司,24230973,6804,7968745
賴清德,大藏日本料理店,17929523,6000,7953669
賴清德,泱泱美研國際有限公司,91031609,5960,7964471 7964469
賴清德,東琳興業股份有限公司,28924341,5446,7962042
賴清德,中毅土壤技術顧問有限公司,23516985,5000,7954611
賴清德,國信投資有限公司,52757293,5000,7979432
賴清德,喬昇企業社,70888515,5000,7986954
賴清德,元森工程股份有限公司,12719978,5000,7954167
賴清德,文風工程行,41039916,5000,7956011
賴清德,東漢工程行,92585584,5000,7964488
賴清德,呷甜甜商行,26443487,5000,7964590
賴清德,凱薩琳國際教育企業社,76420501,5000,7986257
賴清德,東佑推進工程有限公司,84215624,5000,7963403
賴清德,造崧有限公司,24979484,4780,7976646
賴清德,志益興業有限公司,70739282,4600,7966254
賴清德,東億工程行,21817535,4000,7962288
賴清德,傑合股份有限公司,86825143,4000,7984648
賴清德,超群商行,47802240,3600,7987786
賴清德,瑞隆鋼鐵工業有限公司,25022826,3600,7996092
賴清德,加倍國際有限公司,28761493,3600,7956152
賴清德,義美工程行,99583978,3600,7994952
賴清德,紘熒通運有限公司,83381434,3600,7971830
賴清德,松雄投資有限公司,82957585,3600,7965123
賴清德,統竣國際有限公司,96919366,3600,7978035
賴清德,芊叡工程顧問有限公司,94271764,3600,7964002
賴清德,久裕實業有限公司,89180820,3600,7953403
賴清德,舊來發餅舖,69276592,3600,7999017
賴清德,冠豪金屬有限公司,28375350,3600,7969050
賴清德,慶運超音波機械有限公司,53636023,3600,7991777
賴清德,何六百有限公司,24634102,3600,7957405
賴清德,躍錡精密工具有限公司,64316906,3600,7998768
賴清德,魚魚共好科技有限公司,85060675,3360,7986035
賴清德,旻成齒輪股份有限公司,84582661,3000,7971806
賴清德,逸豊實業股份有限公司,42942046,3000,7987068
賴清德,臺灣獨角獸創意有限公司,85069985,3000,7993416
賴清德,永禾豐生物科技有限公司,54573840,3000,7957907
賴清德,弘稚有限公司,94210438,3000,7957903
賴清德,木桐企業股份有限公司,80489018,3000,7955667 7955501
賴清德,洪添賢插畫設計工作室,47668546,2512,7969082
賴清德,竹記有限公司,53866283,2500,7958107
賴清德,同心宸企業有限公司,91063138,2500,7958104
賴清德,長昆水電工程有限公司,86426440,2500,7971483
賴清德,明道大聖通信行,20324674,2500,7964026
賴清德,正鼎工程行,82131439,2449,7957505
賴清德,祥綸企業有限公司,05080684,2360,7977322
賴清德,普賢企業有限公司,24365107,2360,7984900
賴清德,奕勝企業社,91130066,2024,7968797
賴清德,承通有限公司,97552324,2000,7964788
賴清德,御楓建設股份有限公司,82774241,2000,7979495
賴清德,瑞崎企業股份有限公司,22144826,2000,7994489
賴清德,大港先生影業資訊傳媒企業,36905472,1846,7953656
賴清德,青日工作室,88555335,1576,7968868
賴清德,采衣坊自助洗衣,93262247,1450,7971505
賴清德,鈞勝工程有限公司,53573456,1300,7987828 7987128
賴清德,大有不動產有限公司,90626526,1180,7953657
賴清德,昌毓纖維有限公司,90207811,1180,7961787
賴清德,岄霖工程有限公司,83654687,1111,7999588
賴清德,宏達國際實業有限公司,53034177,1000,7964711
賴清德,正壹科技有限公司,80685588,1000,7958241
賴清德,硫酸出版,83190462,666,7976418
賴清德,豫瑞企業有限公司,28784221,400,8001036
賴清德,耀陞水電工程行,93395751,200,8000329
